-- phpMyAdmin SQL Dump
-- version 4.9.2
-- https://www.phpmyadmin.net/
--
-- Host: 127.0.0.1:3306
-- Generation Time: Nov 02, 2021 at 08:49 PM
-- Server version: 10.4.10-MariaDB
-- PHP Version: 7.3.12

SET SQL_MODE = "NO_AUTO_VALUE_ON_ZERO";
SET AUTOCOMMIT = 0;
START TRANSACTION;
SET time_zone = "+00:00";


/*!40101 SET @OLD_CHARACTER_SET_CLIENT=@@CHARACTER_SET_CLIENT */;
/*!40101 SET @OLD_CHARACTER_SET_RESULTS=@@CHARACTER_SET_RESULTS */;
/*!40101 SET @OLD_COLLATION_CONNECTION=@@COLLATION_CONNECTION */;
/*!40101 SET NAMES utf8mb4 */;

--
-- Database: `project0`
--

-- --------------------------------------------------------

--
-- Table structure for table `accounts`
--

DROP TABLE IF EXISTS `accounts`;
CREATE TABLE IF NOT EXISTS `accounts` (
  `ID` int(11) NOT NULL AUTO_INCREMENT,
  `status` varchar(255) NOT NULL,
  `pseudo` varchar(255) NOT NULL,
  `email` varchar(255) NOT NULL,
  `password` varchar(255) NOT NULL,
  PRIMARY KEY (`ID`)
) ENGINE=MyISAM AUTO_INCREMENT=4 DEFAULT CHARSET=latin1;

--
-- Dumping data for table `accounts`
--

INSERT INTO `accounts` (`ID`, `status`, `pseudo`, `email`, `password`) VALUES
(1, 'admin', 'Administrateur', 'administrateur@email.com', '$2y$10$yjwe4KMj41hNFgSSuLUY0eby/oCc7bDySi4Km2iisyVTrc0Bcwevi'),
(2, 'member', 'purplelion402', 'purplelion402@email.com', '$2y$10$tjFBhOp4J/Rxw/1YrUW/pepbbfPo0tC7V7AWvrdSTGENW6NZDdiwG'),
(3, 'member', 'happyswan257', 'happyswan257@email.com', '$2y$10$iGgCDkRzsRjdcrZvc6rsaOqYgh.xilyArK3ixG/Sdj32CKCE6XPTi');

-- --------------------------------------------------------

--
-- Table structure for table `comments`
--

DROP TABLE IF EXISTS `comments`;
CREATE TABLE IF NOT EXISTS `comments` (
  `ID` int(11) NOT NULL AUTO_INCREMENT,
  `ID_account` int(11) NOT NULL,
  `ID_post` int(11) NOT NULL,
  `pseudo` varchar(255) NOT NULL,
  `status` varchar(255) NOT NULL,
  `status_account` varchar(255) NOT NULL,
  `content` text NOT NULL,
  `date` date NOT NULL,
  PRIMARY KEY (`ID`)
) ENGINE=MyISAM AUTO_INCREMENT=10 DEFAULT CHARSET=latin1;

--
-- Dumping data for table `comments`
--

INSERT INTO `comments` (`ID`, `ID_account`, `ID_post`, `pseudo`, `status`, `status_account`, `content`, `date`) VALUES
(1, 1, 3, 'Administrateur', 'posted', 'admin', 'Lorem ipsum dolor sit amet, consectetur adipiscing elit. Vivamus pulvinar felis eget porttitor cursus. Donec a molestie ante. Aenean vulputate sem a metus hendrerit lobortis. Integer tempor felis mi, ac iaculis ligula interdum in. Praesent at quam sed velit facilisis consequat. Suspendisse potenti. Suspendisse at semper dui. Mauris cursus libero lacinia nulla cursus, in viverra velit dictum.', '2020-01-01'),
(2, 1, 3, 'Administrateur', 'posted', 'admin', 'Lorem ipsum dolor sit amet, consectetur adipiscing elit. Vivamus pulvinar felis eget porttitor cursus. Donec a molestie ante. Aenean vulputate sem a metus hendrerit lobortis. Integer tempor felis mi, ac iaculis ligula interdum in. Praesent at quam sed velit facilisis consequat. Suspendisse potenti. Suspendisse at semper dui. Mauris cursus libero lacinia nulla cursus, in viverra velit dictum.', '2020-01-01'),
(3, 1, 4, 'Administrateur', 'posted', 'admin', 'Lorem ipsum dolor sit amet, consectetur adipiscing elit. Vivamus pulvinar felis eget porttitor cursus. Donec a molestie ante. Aenean vulputate sem a metus hendrerit lobortis. Integer tempor felis mi, ac iaculis ligula interdum in. Praesent at quam sed velit facilisis consequat. Suspendisse potenti. Suspendisse at semper dui. Mauris cursus libero lacinia nulla cursus, in viverra velit dictum.', '2020-01-01'),
(4, 2, 3, 'purplelion402', 'posted', 'member', 'Lorem ipsum dolor sit amet, consectetur adipiscing elit. Vivamus pulvinar felis eget porttitor cursus. Donec a molestie ante. Aenean vulputate sem a metus hendrerit lobortis. Integer tempor felis mi, ac iaculis ligula interdum in. Praesent at quam sed velit facilisis consequat. Suspendisse potenti. Suspendisse at semper dui. Mauris cursus libero lacinia nulla cursus, in viverra velit dictum.', '2020-01-01'),
(5, 2, 3, 'purplelion402', 'posted', 'member', 'Lorem ipsum dolor sit amet, consectetur adipiscing elit. Vivamus pulvinar felis eget porttitor cursus. Donec a molestie ante. Aenean vulputate sem a metus hendrerit lobortis. Integer tempor felis mi, ac iaculis ligula interdum in. Praesent at quam sed velit facilisis consequat. Suspendisse potenti. Suspendisse at semper dui. Mauris cursus libero lacinia nulla cursus, in viverra velit dictum.', '2020-01-01'),
(6, 2, 4, 'purplelion402', 'posted', 'member', 'Lorem ipsum dolor sit amet, consectetur adipiscing elit. Vivamus pulvinar felis eget porttitor cursus. Donec a molestie ante. Aenean vulputate sem a metus hendrerit lobortis. Integer tempor felis mi, ac iaculis ligula interdum in. Praesent at quam sed velit facilisis consequat. Suspendisse potenti. Suspendisse at semper dui. Mauris cursus libero lacinia nulla cursus, in viverra velit dictum.', '2020-01-01'),
(7, 3, 3, 'happyswan257', 'posted', 'member', 'Lorem ipsum dolor sit amet, consectetur adipiscing elit. Vivamus pulvinar felis eget porttitor cursus. Donec a molestie ante. Aenean vulputate sem a metus hendrerit lobortis. Integer tempor felis mi, ac iaculis ligula interdum in. Praesent at quam sed velit facilisis consequat. Suspendisse potenti. Suspendisse at semper dui. Mauris cursus libero lacinia nulla cursus, in viverra velit dictum.', '2020-01-01'),
(8, 3, 3, 'happyswan257', 'posted', 'member', 'Lorem ipsum dolor sit amet, consectetur adipiscing elit. Vivamus pulvinar felis eget porttitor cursus. Donec a molestie ante. Aenean vulputate sem a metus hendrerit lobortis. Integer tempor felis mi, ac iaculis ligula interdum in. Praesent at quam sed velit facilisis consequat. Suspendisse potenti. Suspendisse at semper dui. Mauris cursus libero lacinia nulla cursus, in viverra velit dictum.', '2020-01-01'),
(9, 3, 4, 'happyswan257', 'posted', 'member', 'Lorem ipsum dolor sit amet, consectetur adipiscing elit. Vivamus pulvinar felis eget porttitor cursus. Donec a molestie ante. Aenean vulputate sem a metus hendrerit lobortis. Integer tempor felis mi, ac iaculis ligula interdum in. Praesent at quam sed velit facilisis consequat. Suspendisse potenti. Suspendisse at semper dui. Mauris cursus libero lacinia nulla cursus, in viverra velit dictum.', '2020-01-01');

-- --------------------------------------------------------

--
-- Table structure for table `posts`
--

DROP TABLE IF EXISTS `posts`;
CREATE TABLE IF NOT EXISTS `posts` (
  `ID` int(11) NOT NULL AUTO_INCREMENT,
  `type` varchar(255) NOT NULL,
  `status` varchar(255) NOT NULL,
  `title` varchar(255) DEFAULT NULL,
  `content` text NOT NULL,
  `date` date NOT NULL,
  PRIMARY KEY (`ID`)
) ENGINE=MyISAM AUTO_INCREMENT=13 DEFAULT CHARSET=latin1;

--
-- Dumping data for table `posts`
--

INSERT INTO `posts` (`ID`, `type`, `status`, `title`, `content`, `date`) VALUES
(1, 'specialPost', 'legalNotice', NULL, '<p>Lorem ipsum dolor sit amet, consectetur adipiscing elit. Vivamus pulvinar felis eget porttitor cursus. Donec a molestie ante. Aenean vulputate sem a metus hendrerit lobortis. Integer tempor felis mi, ac iaculis ligula interdum in. Praesent at quam sed velit facilisis consequat. Suspendisse potenti. Suspendisse at semper dui. Mauris cursus libero lacinia nulla cursus, in viverra velit dictum.<br /><br />Integer blandit massa lacus, eu volutpat tortor viverra in. Vivamus commodo eu justo vitae pulvinar. Pellentesque id finibus mauris, sed volutpat mi. Maecenas nec orci ac lectus ultrices aliquet. Cras sodales varius erat, nec mollis sem feugiat eget. Etiam varius turpis non nisl fermentum, in efficitur orci ullamcorper. Praesent ornare nisi quis sem condimentum, sed congue augue consectetur. Proin eleifend aliquam venenatis. Vestibulum pulvinar varius massa eu pretium. Proin rutrum nunc pharetra tincidunt lacinia. In eu tortor eget felis tempor tincidunt. Proin at justo venenatis, aliquet magna nec, cursus arcu.<br /><br />Etiam volutpat blandit volutpat. Maecenas porta eros in enim cursus vehicula. Maecenas vel tincidunt nulla. Aenean vulputate mauris quis quam pellentesque, vitae consequat ex maximus. Morbi bibendum elit in mauris venenatis varius. Ut elementum, velit id posuere fringilla, est ipsum posuere eros, ut sagittis urna sapien in leo. Vivamus iaculis blandit libero at vestibulum. Donec quis gravida metus. Duis eu nisl neque. Nam pretium tortor vitae metus ultricies, eget aliquam leo porta. Proin lobortis neque at erat pharetra placerat.<br /><br />Aliquam erat volutpat. Aliquam sed arcu enim. Pellentesque volutpat ante urna, eu maximus leo ornare ut. Aenean gravida leo ut nunc interdum, maximus gravida dolor faucibus. Donec in lorem nisi. Maecenas ut dolor a elit scelerisque ultrices. Praesent suscipit maximus tortor, vel posuere neque rhoncus ut. Vestibulum elementum neque a nulla lobortis blandit. Maecenas nisi urna, pharetra ut rutrum at, ultricies in felis. Quisque at augue velit. Cras fringilla ornare turpis et sollicitudin. Curabitur bibendum dictum lobortis.<br /><br />Suspendisse rhoncus, sapien eu posuere auctor, diam nulla venenatis augue, at commodo erat velit nec est. Suspendisse tortor orci, hendrerit nec laoreet ut, porttitor in sem. Mauris nulla nibh, mattis sed erat id, molestie sodales justo. Duis tortor odio, tempor a augue non, tincidunt viverra lectus. Pellentesque sed nibh ac augue dapibus mollis. Maecenas id odio commodo, facilisis sem gravida, efficitur arcu. In luctus ultrices ipsum vel blandit. Etiam pellentesque purus libero, id volutpat lorem elementum nec.<br /><br />Sed sodales elementum mi nec pharetra. Nam iaculis dolor non augue eleifend, vel pellentesque tortor tempor. Fusce quis convallis nisi. Mauris lacinia augue a libero maximus, id tempus tellus maximus. In vitae maximus elit, quis faucibus mauris. Pellentesque dignissim ante non lorem posuere dignissim. Duis tempus purus sapien, et pharetra diam ultrices id. Aenean id dolor vitae magna viverra fringilla. Sed venenatis lobortis facilisis. Aenean interdum nunc sed mauris pharetra eleifend. Mauris maximus mauris ut purus semper ornare. Sed mattis massa at lacinia hendrerit. Aliquam aliquam, elit in viverra ultricies, turpis dolor ullamcorper nulla, eu sollicitudin orci augue elementum nibh. Integer rhoncus, risus vitae mattis semper, erat dui varius erat, sed laoreet nisl tortor vel mi.<br /><br />Ut aliquam quis nisl nec aliquet. Integer enim sapien, posuere at lorem et, gravida efficitur lacus. Cras eget nisl lacus. Curabitur sollicitudin vitae felis quis tincidunt. Pellentesque libero purus, accumsan quis laoreet non, venenatis vel ante. Aliquam nisl sem, commodo sed augue a, ullamcorper pretium orci. Orci varius natoque penatibus et magnis dis parturient montes, nascetur ridiculus mus. Cras fringilla efficitur dolor in interdum. Aenean vestibulum auctor nisl, vitae iaculis orci vehicula sed. Morbi molestie pellentesque bibendum. Ut imperdiet varius euismod.<br /><br />Curabitur hendrerit vestibulum nulla et placerat. Phasellus euismod risus eget consequat commodo. Cras blandit nec ipsum ut ultricies. Cras sagittis sit amet tortor id fermentum. Integer a pharetra nibh, condimentum maximus justo. Nunc tristique iaculis elit ut vehicula. In ullamcorper, nibh sed maximus viverra, tellus tellus euismod libero, vitae scelerisque ex enim non neque. Praesent non ornare odio. Ut bibendum a arcu nec imperdiet. Vivamus nec vulputate nulla. Phasellus aliquam tempus augue congue hendrerit. Cras vulputate dui vel ex porttitor, interdum vehicula tortor laoreet. Suspendisse iaculis feugiat luctus.<br /><br />Aliquam ut tellus maximus, convallis leo non, interdum lacus. In venenatis tincidunt tincidunt. Mauris tristique efficitur lacinia. Aliquam pellentesque est sit amet justo dictum volutpat. Cras interdum, augue ac tincidunt hendrerit, arcu nulla tempus risus, et consectetur enim mi ac ante. Nulla malesuada vitae sem vel posuere. Suspendisse sagittis dignissim nisl eu elementum.<br /><br />Fusce varius nisl lobortis, porta sem eu, semper neque. Donec eu pretium nisl, id commodo lectus. Suspendisse feugiat elit ac ex euismod elementum. Class aptent taciti sociosqu ad litora torquent per conubia nostra, per inceptos himenaeos. Donec scelerisque auctor augue non scelerisque. Nulla in convallis arcu. Aenean turpis felis, commodo et massa elementum, dictum pellentesque purus. Nam non enim nibh. Quisque maximus orci quis ante varius varius. Quisque dapibus ac purus in convallis.</p>', '2020-01-01'),
(2, 'specialPost', 'contact', NULL, '<p>Lorem ipsum dolor sit amet, consectetur adipiscing elit. Vivamus pulvinar felis eget porttitor cursus. Donec a molestie ante. Aenean vulputate sem a metus hendrerit lobortis. Integer tempor felis mi, ac iaculis ligula interdum in. Praesent at quam sed velit facilisis consequat. Suspendisse potenti. Suspendisse at semper dui. Mauris cursus libero lacinia nulla cursus, in viverra velit dictum.<br /><br />Integer blandit massa lacus, eu volutpat tortor viverra in. Vivamus commodo eu justo vitae pulvinar. Pellentesque id finibus mauris, sed volutpat mi. Maecenas nec orci ac lectus ultrices aliquet. Cras sodales varius erat, nec mollis sem feugiat eget. Etiam varius turpis non nisl fermentum, in efficitur orci ullamcorper. Praesent ornare nisi quis sem condimentum, sed congue augue consectetur. Proin eleifend aliquam venenatis. Vestibulum pulvinar varius massa eu pretium. Proin rutrum nunc pharetra tincidunt lacinia. In eu tortor eget felis tempor tincidunt. Proin at justo venenatis, aliquet magna nec, cursus arcu.<br /><br />Etiam volutpat blandit volutpat. Maecenas porta eros in enim cursus vehicula. Maecenas vel tincidunt nulla. Aenean vulputate mauris quis quam pellentesque, vitae consequat ex maximus. Morbi bibendum elit in mauris venenatis varius. Ut elementum, velit id posuere fringilla, est ipsum posuere eros, ut sagittis urna sapien in leo. Vivamus iaculis blandit libero at vestibulum. Donec quis gravida metus. Duis eu nisl neque. Nam pretium tortor vitae metus ultricies, eget aliquam leo porta. Proin lobortis neque at erat pharetra placerat.<br /><br />Aliquam erat volutpat. Aliquam sed arcu enim. Pellentesque volutpat ante urna, eu maximus leo ornare ut. Aenean gravida leo ut nunc interdum, maximus gravida dolor faucibus. Donec in lorem nisi. Maecenas ut dolor a elit scelerisque ultrices. Praesent suscipit maximus tortor, vel posuere neque rhoncus ut. Vestibulum elementum neque a nulla lobortis blandit. Maecenas nisi urna, pharetra ut rutrum at, ultricies in felis. Quisque at augue velit. Cras fringilla ornare turpis et sollicitudin. Curabitur bibendum dictum lobortis.<br /><br />Suspendisse rhoncus, sapien eu posuere auctor, diam nulla venenatis augue, at commodo erat velit nec est. Suspendisse tortor orci, hendrerit nec laoreet ut, porttitor in sem. Mauris nulla nibh, mattis sed erat id, molestie sodales justo. Duis tortor odio, tempor a augue non, tincidunt viverra lectus. Pellentesque sed nibh ac augue dapibus mollis. Maecenas id odio commodo, facilisis sem gravida, efficitur arcu. In luctus ultrices ipsum vel blandit. Etiam pellentesque purus libero, id volutpat lorem elementum nec.<br /><br />Sed sodales elementum mi nec pharetra. Nam iaculis dolor non augue eleifend, vel pellentesque tortor tempor. Fusce quis convallis nisi. Mauris lacinia augue a libero maximus, id tempus tellus maximus. In vitae maximus elit, quis faucibus mauris. Pellentesque dignissim ante non lorem posuere dignissim. Duis tempus purus sapien, et pharetra diam ultrices id. Aenean id dolor vitae magna viverra fringilla. Sed venenatis lobortis facilisis. Aenean interdum nunc sed mauris pharetra eleifend. Mauris maximus mauris ut purus semper ornare. Sed mattis massa at lacinia hendrerit. Aliquam aliquam, elit in viverra ultricies, turpis dolor ullamcorper nulla, eu sollicitudin orci augue elementum nibh. Integer rhoncus, risus vitae mattis semper, erat dui varius erat, sed laoreet nisl tortor vel mi.<br /><br />Ut aliquam quis nisl nec aliquet. Integer enim sapien, posuere at lorem et, gravida efficitur lacus. Cras eget nisl lacus. Curabitur sollicitudin vitae felis quis tincidunt. Pellentesque libero purus, accumsan quis laoreet non, venenatis vel ante. Aliquam nisl sem, commodo sed augue a, ullamcorper pretium orci. Orci varius natoque penatibus et magnis dis parturient montes, nascetur ridiculus mus. Cras fringilla efficitur dolor in interdum. Aenean vestibulum auctor nisl, vitae iaculis orci vehicula sed. Morbi molestie pellentesque bibendum. Ut imperdiet varius euismod.<br /><br />Curabitur hendrerit vestibulum nulla et placerat. Phasellus euismod risus eget consequat commodo. Cras blandit nec ipsum ut ultricies. Cras sagittis sit amet tortor id fermentum. Integer a pharetra nibh, condimentum maximus justo. Nunc tristique iaculis elit ut vehicula. In ullamcorper, nibh sed maximus viverra, tellus tellus euismod libero, vitae scelerisque ex enim non neque. Praesent non ornare odio. Ut bibendum a arcu nec imperdiet. Vivamus nec vulputate nulla. Phasellus aliquam tempus augue congue hendrerit. Cras vulputate dui vel ex porttitor, interdum vehicula tortor laoreet. Suspendisse iaculis feugiat luctus.<br /><br />Aliquam ut tellus maximus, convallis leo non, interdum lacus. In venenatis tincidunt tincidunt. Mauris tristique efficitur lacinia. Aliquam pellentesque est sit amet justo dictum volutpat. Cras interdum, augue ac tincidunt hendrerit, arcu nulla tempus risus, et consectetur enim mi ac ante. Nulla malesuada vitae sem vel posuere. Suspendisse sagittis dignissim nisl eu elementum.<br /><br />Fusce varius nisl lobortis, porta sem eu, semper neque. Donec eu pretium nisl, id commodo lectus. Suspendisse feugiat elit ac ex euismod elementum. Class aptent taciti sociosqu ad litora torquent per conubia nostra, per inceptos himenaeos. Donec scelerisque auctor augue non scelerisque. Nulla in convallis arcu. Aenean turpis felis, commodo et massa elementum, dictum pellentesque purus. Nam non enim nibh. Quisque maximus orci quis ante varius varius. Quisque dapibus ac purus in convallis.</p>', '2020-01-01'),
(3, 'post', 'posted', 'Lorem Ipsum', '<p>Lorem ipsum dolor sit amet, consectetur adipiscing elit. Vivamus pulvinar felis eget porttitor cursus. Donec a molestie ante. Aenean vulputate sem a metus hendrerit lobortis. Integer tempor felis mi, ac iaculis ligula interdum in. Praesent at quam sed velit facilisis consequat. Suspendisse potenti. Suspendisse at semper dui. Mauris cursus libero lacinia nulla cursus, in viverra velit dictum.<br /><br />Integer blandit massa lacus, eu volutpat tortor viverra in. Vivamus commodo eu justo vitae pulvinar. Pellentesque id finibus mauris, sed volutpat mi. Maecenas nec orci ac lectus ultrices aliquet. Cras sodales varius erat, nec mollis sem feugiat eget. Etiam varius turpis non nisl fermentum, in efficitur orci ullamcorper. Praesent ornare nisi quis sem condimentum, sed congue augue consectetur. Proin eleifend aliquam venenatis. Vestibulum pulvinar varius massa eu pretium. Proin rutrum nunc pharetra tincidunt lacinia. In eu tortor eget felis tempor tincidunt. Proin at justo venenatis, aliquet magna nec, cursus arcu.<br /><br />Etiam volutpat blandit volutpat. Maecenas porta eros in enim cursus vehicula. Maecenas vel tincidunt nulla. Aenean vulputate mauris quis quam pellentesque, vitae consequat ex maximus. Morbi bibendum elit in mauris venenatis varius. Ut elementum, velit id posuere fringilla, est ipsum posuere eros, ut sagittis urna sapien in leo. Vivamus iaculis blandit libero at vestibulum. Donec quis gravida metus. Duis eu nisl neque. Nam pretium tortor vitae metus ultricies, eget aliquam leo porta. Proin lobortis neque at erat pharetra placerat.<br /><br />Aliquam erat volutpat. Aliquam sed arcu enim. Pellentesque volutpat ante urna, eu maximus leo ornare ut. Aenean gravida leo ut nunc interdum, maximus gravida dolor faucibus. Donec in lorem nisi. Maecenas ut dolor a elit scelerisque ultrices. Praesent suscipit maximus tortor, vel posuere neque rhoncus ut. Vestibulum elementum neque a nulla lobortis blandit. Maecenas nisi urna, pharetra ut rutrum at, ultricies in felis. Quisque at augue velit. Cras fringilla ornare turpis et sollicitudin. Curabitur bibendum dictum lobortis.<br /><br />Suspendisse rhoncus, sapien eu posuere auctor, diam nulla venenatis augue, at commodo erat velit nec est. Suspendisse tortor orci, hendrerit nec laoreet ut, porttitor in sem. Mauris nulla nibh, mattis sed erat id, molestie sodales justo. Duis tortor odio, tempor a augue non, tincidunt viverra lectus. Pellentesque sed nibh ac augue dapibus mollis. Maecenas id odio commodo, facilisis sem gravida, efficitur arcu. In luctus ultrices ipsum vel blandit. Etiam pellentesque purus libero, id volutpat lorem elementum nec.</p>', '2020-01-01'),
(4, 'post', 'posted', 'Lorem Ipsum', '<p>Lorem ipsum dolor sit amet, consectetur adipiscing elit. Vivamus pulvinar felis eget porttitor cursus. Donec a molestie ante. Aenean vulputate sem a metus hendrerit lobortis. Integer tempor felis mi, ac iaculis ligula interdum in. Praesent at quam sed velit facilisis consequat. Suspendisse potenti. Suspendisse at semper dui. Mauris cursus libero lacinia nulla cursus, in viverra velit dictum.<br /><br />Integer blandit massa lacus, eu volutpat tortor viverra in. Vivamus commodo eu justo vitae pulvinar. Pellentesque id finibus mauris, sed volutpat mi. Maecenas nec orci ac lectus ultrices aliquet. Cras sodales varius erat, nec mollis sem feugiat eget. Etiam varius turpis non nisl fermentum, in efficitur orci ullamcorper. Praesent ornare nisi quis sem condimentum, sed congue augue consectetur. Proin eleifend aliquam venenatis. Vestibulum pulvinar varius massa eu pretium. Proin rutrum nunc pharetra tincidunt lacinia. In eu tortor eget felis tempor tincidunt. Proin at justo venenatis, aliquet magna nec, cursus arcu.<br /><br />Etiam volutpat blandit volutpat. Maecenas porta eros in enim cursus vehicula. Maecenas vel tincidunt nulla. Aenean vulputate mauris quis quam pellentesque, vitae consequat ex maximus. Morbi bibendum elit in mauris venenatis varius. Ut elementum, velit id posuere fringilla, est ipsum posuere eros, ut sagittis urna sapien in leo. Vivamus iaculis blandit libero at vestibulum. Donec quis gravida metus. Duis eu nisl neque. Nam pretium tortor vitae metus ultricies, eget aliquam leo porta. Proin lobortis neque at erat pharetra placerat.<br /><br />Aliquam erat volutpat. Aliquam sed arcu enim. Pellentesque volutpat ante urna, eu maximus leo ornare ut. Aenean gravida leo ut nunc interdum, maximus gravida dolor faucibus. Donec in lorem nisi. Maecenas ut dolor a elit scelerisque ultrices. Praesent suscipit maximus tortor, vel posuere neque rhoncus ut. Vestibulum elementum neque a nulla lobortis blandit. Maecenas nisi urna, pharetra ut rutrum at, ultricies in felis. Quisque at augue velit. Cras fringilla ornare turpis et sollicitudin. Curabitur bibendum dictum lobortis.<br /><br />Suspendisse rhoncus, sapien eu posuere auctor, diam nulla venenatis augue, at commodo erat velit nec est. Suspendisse tortor orci, hendrerit nec laoreet ut, porttitor in sem. Mauris nulla nibh, mattis sed erat id, molestie sodales justo. Duis tortor odio, tempor a augue non, tincidunt viverra lectus. Pellentesque sed nibh ac augue dapibus mollis. Maecenas id odio commodo, facilisis sem gravida, efficitur arcu. In luctus ultrices ipsum vel blandit. Etiam pellentesque purus libero, id volutpat lorem elementum nec.</p>', '2020-01-01'),
(5, 'post', 'posted', 'Lorem Ipsum', '<p>Lorem ipsum dolor sit amet, consectetur adipiscing elit. Vivamus pulvinar felis eget porttitor cursus. Donec a molestie ante. Aenean vulputate sem a metus hendrerit lobortis. Integer tempor felis mi, ac iaculis ligula interdum in. Praesent at quam sed velit facilisis consequat. Suspendisse potenti. Suspendisse at semper dui. Mauris cursus libero lacinia nulla cursus, in viverra velit dictum.<br /><br />Integer blandit massa lacus, eu volutpat tortor viverra in. Vivamus commodo eu justo vitae pulvinar. Pellentesque id finibus mauris, sed volutpat mi. Maecenas nec orci ac lectus ultrices aliquet. Cras sodales varius erat, nec mollis sem feugiat eget. Etiam varius turpis non nisl fermentum, in efficitur orci ullamcorper. Praesent ornare nisi quis sem condimentum, sed congue augue consectetur. Proin eleifend aliquam venenatis. Vestibulum pulvinar varius massa eu pretium. Proin rutrum nunc pharetra tincidunt lacinia. In eu tortor eget felis tempor tincidunt. Proin at justo venenatis, aliquet magna nec, cursus arcu.<br /><br />Etiam volutpat blandit volutpat. Maecenas porta eros in enim cursus vehicula. Maecenas vel tincidunt nulla. Aenean vulputate mauris quis quam pellentesque, vitae consequat ex maximus. Morbi bibendum elit in mauris venenatis varius. Ut elementum, velit id posuere fringilla, est ipsum posuere eros, ut sagittis urna sapien in leo. Vivamus iaculis blandit libero at vestibulum. Donec quis gravida metus. Duis eu nisl neque. Nam pretium tortor vitae metus ultricies, eget aliquam leo porta. Proin lobortis neque at erat pharetra placerat.<br /><br />Aliquam erat volutpat. Aliquam sed arcu enim. Pellentesque volutpat ante urna, eu maximus leo ornare ut. Aenean gravida leo ut nunc interdum, maximus gravida dolor faucibus. Donec in lorem nisi. Maecenas ut dolor a elit scelerisque ultrices. Praesent suscipit maximus tortor, vel posuere neque rhoncus ut. Vestibulum elementum neque a nulla lobortis blandit. Maecenas nisi urna, pharetra ut rutrum at, ultricies in felis. Quisque at augue velit. Cras fringilla ornare turpis et sollicitudin. Curabitur bibendum dictum lobortis.<br /><br />Suspendisse rhoncus, sapien eu posuere auctor, diam nulla venenatis augue, at commodo erat velit nec est. Suspendisse tortor orci, hendrerit nec laoreet ut, porttitor in sem. Mauris nulla nibh, mattis sed erat id, molestie sodales justo. Duis tortor odio, tempor a augue non, tincidunt viverra lectus. Pellentesque sed nibh ac augue dapibus mollis. Maecenas id odio commodo, facilisis sem gravida, efficitur arcu. In luctus ultrices ipsum vel blandit. Etiam pellentesque purus libero, id volutpat lorem elementum nec.</p>', '2020-01-01'),
(6, 'post', 'posted', 'Lorem Ipsum', '<p>Lorem ipsum dolor sit amet, consectetur adipiscing elit. Vivamus pulvinar felis eget porttitor cursus. Donec a molestie ante. Aenean vulputate sem a metus hendrerit lobortis. Integer tempor felis mi, ac iaculis ligula interdum in. Praesent at quam sed velit facilisis consequat. Suspendisse potenti. Suspendisse at semper dui. Mauris cursus libero lacinia nulla cursus, in viverra velit dictum.<br /><br />Integer blandit massa lacus, eu volutpat tortor viverra in. Vivamus commodo eu justo vitae pulvinar. Pellentesque id finibus mauris, sed volutpat mi. Maecenas nec orci ac lectus ultrices aliquet. Cras sodales varius erat, nec mollis sem feugiat eget. Etiam varius turpis non nisl fermentum, in efficitur orci ullamcorper. Praesent ornare nisi quis sem condimentum, sed congue augue consectetur. Proin eleifend aliquam venenatis. Vestibulum pulvinar varius massa eu pretium. Proin rutrum nunc pharetra tincidunt lacinia. In eu tortor eget felis tempor tincidunt. Proin at justo venenatis, aliquet magna nec, cursus arcu.<br /><br />Etiam volutpat blandit volutpat. Maecenas porta eros in enim cursus vehicula. Maecenas vel tincidunt nulla. Aenean vulputate mauris quis quam pellentesque, vitae consequat ex maximus. Morbi bibendum elit in mauris venenatis varius. Ut elementum, velit id posuere fringilla, est ipsum posuere eros, ut sagittis urna sapien in leo. Vivamus iaculis blandit libero at vestibulum. Donec quis gravida metus. Duis eu nisl neque. Nam pretium tortor vitae metus ultricies, eget aliquam leo porta. Proin lobortis neque at erat pharetra placerat.<br /><br />Aliquam erat volutpat. Aliquam sed arcu enim. Pellentesque volutpat ante urna, eu maximus leo ornare ut. Aenean gravida leo ut nunc interdum, maximus gravida dolor faucibus. Donec in lorem nisi. Maecenas ut dolor a elit scelerisque ultrices. Praesent suscipit maximus tortor, vel posuere neque rhoncus ut. Vestibulum elementum neque a nulla lobortis blandit. Maecenas nisi urna, pharetra ut rutrum at, ultricies in felis. Quisque at augue velit. Cras fringilla ornare turpis et sollicitudin. Curabitur bibendum dictum lobortis.<br /><br />Suspendisse rhoncus, sapien eu posuere auctor, diam nulla venenatis augue, at commodo erat velit nec est. Suspendisse tortor orci, hendrerit nec laoreet ut, porttitor in sem. Mauris nulla nibh, mattis sed erat id, molestie sodales justo. Duis tortor odio, tempor a augue non, tincidunt viverra lectus. Pellentesque sed nibh ac augue dapibus mollis. Maecenas id odio commodo, facilisis sem gravida, efficitur arcu. In luctus ultrices ipsum vel blandit. Etiam pellentesque purus libero, id volutpat lorem elementum nec.</p>', '2020-01-01'),
(7, 'post', 'posted', 'Lorem Ipsum', '<p>Lorem ipsum dolor sit amet, consectetur adipiscing elit. Vivamus pulvinar felis eget porttitor cursus. Donec a molestie ante. Aenean vulputate sem a metus hendrerit lobortis. Integer tempor felis mi, ac iaculis ligula interdum in. Praesent at quam sed velit facilisis consequat. Suspendisse potenti. Suspendisse at semper dui. Mauris cursus libero lacinia nulla cursus, in viverra velit dictum.<br /><br />Integer blandit massa lacus, eu volutpat tortor viverra in. Vivamus commodo eu justo vitae pulvinar. Pellentesque id finibus mauris, sed volutpat mi. Maecenas nec orci ac lectus ultrices aliquet. Cras sodales varius erat, nec mollis sem feugiat eget. Etiam varius turpis non nisl fermentum, in efficitur orci ullamcorper. Praesent ornare nisi quis sem condimentum, sed congue augue consectetur. Proin eleifend aliquam venenatis. Vestibulum pulvinar varius massa eu pretium. Proin rutrum nunc pharetra tincidunt lacinia. In eu tortor eget felis tempor tincidunt. Proin at justo venenatis, aliquet magna nec, cursus arcu.<br /><br />Etiam volutpat blandit volutpat. Maecenas porta eros in enim cursus vehicula. Maecenas vel tincidunt nulla. Aenean vulputate mauris quis quam pellentesque, vitae consequat ex maximus. Morbi bibendum elit in mauris venenatis varius. Ut elementum, velit id posuere fringilla, est ipsum posuere eros, ut sagittis urna sapien in leo. Vivamus iaculis blandit libero at vestibulum. Donec quis gravida metus. Duis eu nisl neque. Nam pretium tortor vitae metus ultricies, eget aliquam leo porta. Proin lobortis neque at erat pharetra placerat.<br /><br />Aliquam erat volutpat. Aliquam sed arcu enim. Pellentesque volutpat ante urna, eu maximus leo ornare ut. Aenean gravida leo ut nunc interdum, maximus gravida dolor faucibus. Donec in lorem nisi. Maecenas ut dolor a elit scelerisque ultrices. Praesent suscipit maximus tortor, vel posuere neque rhoncus ut. Vestibulum elementum neque a nulla lobortis blandit. Maecenas nisi urna, pharetra ut rutrum at, ultricies in felis. Quisque at augue velit. Cras fringilla ornare turpis et sollicitudin. Curabitur bibendum dictum lobortis.<br /><br />Suspendisse rhoncus, sapien eu posuere auctor, diam nulla venenatis augue, at commodo erat velit nec est. Suspendisse tortor orci, hendrerit nec laoreet ut, porttitor in sem. Mauris nulla nibh, mattis sed erat id, molestie sodales justo. Duis tortor odio, tempor a augue non, tincidunt viverra lectus. Pellentesque sed nibh ac augue dapibus mollis. Maecenas id odio commodo, facilisis sem gravida, efficitur arcu. In luctus ultrices ipsum vel blandit. Etiam pellentesque purus libero, id volutpat lorem elementum nec.</p>', '2020-01-01'),
(8, 'post', 'posted', 'Lorem Ipsum', '<p>Lorem ipsum dolor sit amet, consectetur adipiscing elit. Vivamus pulvinar felis eget porttitor cursus. Donec a molestie ante. Aenean vulputate sem a metus hendrerit lobortis. Integer tempor felis mi, ac iaculis ligula interdum in. Praesent at quam sed velit facilisis consequat. Suspendisse potenti. Suspendisse at semper dui. Mauris cursus libero lacinia nulla cursus, in viverra velit dictum.<br /><br />Integer blandit massa lacus, eu volutpat tortor viverra in. Vivamus commodo eu justo vitae pulvinar. Pellentesque id finibus mauris, sed volutpat mi. Maecenas nec orci ac lectus ultrices aliquet. Cras sodales varius erat, nec mollis sem feugiat eget. Etiam varius turpis non nisl fermentum, in efficitur orci ullamcorper. Praesent ornare nisi quis sem condimentum, sed congue augue consectetur. Proin eleifend aliquam venenatis. Vestibulum pulvinar varius massa eu pretium. Proin rutrum nunc pharetra tincidunt lacinia. In eu tortor eget felis tempor tincidunt. Proin at justo venenatis, aliquet magna nec, cursus arcu.<br /><br />Etiam volutpat blandit volutpat. Maecenas porta eros in enim cursus vehicula. Maecenas vel tincidunt nulla. Aenean vulputate mauris quis quam pellentesque, vitae consequat ex maximus. Morbi bibendum elit in mauris venenatis varius. Ut elementum, velit id posuere fringilla, est ipsum posuere eros, ut sagittis urna sapien in leo. Vivamus iaculis blandit libero at vestibulum. Donec quis gravida metus. Duis eu nisl neque. Nam pretium tortor vitae metus ultricies, eget aliquam leo porta. Proin lobortis neque at erat pharetra placerat.<br /><br />Aliquam erat volutpat. Aliquam sed arcu enim. Pellentesque volutpat ante urna, eu maximus leo ornare ut. Aenean gravida leo ut nunc interdum, maximus gravida dolor faucibus. Donec in lorem nisi. Maecenas ut dolor a elit scelerisque ultrices. Praesent suscipit maximus tortor, vel posuere neque rhoncus ut. Vestibulum elementum neque a nulla lobortis blandit. Maecenas nisi urna, pharetra ut rutrum at, ultricies in felis. Quisque at augue velit. Cras fringilla ornare turpis et sollicitudin. Curabitur bibendum dictum lobortis.<br /><br />Suspendisse rhoncus, sapien eu posuere auctor, diam nulla venenatis augue, at commodo erat velit nec est. Suspendisse tortor orci, hendrerit nec laoreet ut, porttitor in sem. Mauris nulla nibh, mattis sed erat id, molestie sodales justo. Duis tortor odio, tempor a augue non, tincidunt viverra lectus. Pellentesque sed nibh ac augue dapibus mollis. Maecenas id odio commodo, facilisis sem gravida, efficitur arcu. In luctus ultrices ipsum vel blandit. Etiam pellentesque purus libero, id volutpat lorem elementum nec.</p>', '2020-01-01'),
(9, 'post', 'posted', 'Lorem Ipsum', '<p>Lorem ipsum dolor sit amet, consectetur adipiscing elit. Vivamus pulvinar felis eget porttitor cursus. Donec a molestie ante. Aenean vulputate sem a metus hendrerit lobortis. Integer tempor felis mi, ac iaculis ligula interdum in. Praesent at quam sed velit facilisis consequat. Suspendisse potenti. Suspendisse at semper dui. Mauris cursus libero lacinia nulla cursus, in viverra velit dictum.<br /><br />Integer blandit massa lacus, eu volutpat tortor viverra in. Vivamus commodo eu justo vitae pulvinar. Pellentesque id finibus mauris, sed volutpat mi. Maecenas nec orci ac lectus ultrices aliquet. Cras sodales varius erat, nec mollis sem feugiat eget. Etiam varius turpis non nisl fermentum, in efficitur orci ullamcorper. Praesent ornare nisi quis sem condimentum, sed congue augue consectetur. Proin eleifend aliquam venenatis. Vestibulum pulvinar varius massa eu pretium. Proin rutrum nunc pharetra tincidunt lacinia. In eu tortor eget felis tempor tincidunt. Proin at justo venenatis, aliquet magna nec, cursus arcu.<br /><br />Etiam volutpat blandit volutpat. Maecenas porta eros in enim cursus vehicula. Maecenas vel tincidunt nulla. Aenean vulputate mauris quis quam pellentesque, vitae consequat ex maximus. Morbi bibendum elit in mauris venenatis varius. Ut elementum, velit id posuere fringilla, est ipsum posuere eros, ut sagittis urna sapien in leo. Vivamus iaculis blandit libero at vestibulum. Donec quis gravida metus. Duis eu nisl neque. Nam pretium tortor vitae metus ultricies, eget aliquam leo porta. Proin lobortis neque at erat pharetra placerat.<br /><br />Aliquam erat volutpat. Aliquam sed arcu enim. Pellentesque volutpat ante urna, eu maximus leo ornare ut. Aenean gravida leo ut nunc interdum, maximus gravida dolor faucibus. Donec in lorem nisi. Maecenas ut dolor a elit scelerisque ultrices. Praesent suscipit maximus tortor, vel posuere neque rhoncus ut. Vestibulum elementum neque a nulla lobortis blandit. Maecenas nisi urna, pharetra ut rutrum at, ultricies in felis. Quisque at augue velit. Cras fringilla ornare turpis et sollicitudin. Curabitur bibendum dictum lobortis.<br /><br />Suspendisse rhoncus, sapien eu posuere auctor, diam nulla venenatis augue, at commodo erat velit nec est. Suspendisse tortor orci, hendrerit nec laoreet ut, porttitor in sem. Mauris nulla nibh, mattis sed erat id, molestie sodales justo. Duis tortor odio, tempor a augue non, tincidunt viverra lectus. Pellentesque sed nibh ac augue dapibus mollis. Maecenas id odio commodo, facilisis sem gravida, efficitur arcu. In luctus ultrices ipsum vel blandit. Etiam pellentesque purus libero, id volutpat lorem elementum nec.</p>', '2020-01-01'),
(10, 'post', 'posted', 'Lorem Ipsum', '<p>Lorem ipsum dolor sit amet, consectetur adipiscing elit. Vivamus pulvinar felis eget porttitor cursus. Donec a molestie ante. Aenean vulputate sem a metus hendrerit lobortis. Integer tempor felis mi, ac iaculis ligula interdum in. Praesent at quam sed velit facilisis consequat. Suspendisse potenti. Suspendisse at semper dui. Mauris cursus libero lacinia nulla cursus, in viverra velit dictum.<br /><br />Integer blandit massa lacus, eu volutpat tortor viverra in. Vivamus commodo eu justo vitae pulvinar. Pellentesque id finibus mauris, sed volutpat mi. Maecenas nec orci ac lectus ultrices aliquet. Cras sodales varius erat, nec mollis sem feugiat eget. Etiam varius turpis non nisl fermentum, in efficitur orci ullamcorper. Praesent ornare nisi quis sem condimentum, sed congue augue consectetur. Proin eleifend aliquam venenatis. Vestibulum pulvinar varius massa eu pretium. Proin rutrum nunc pharetra tincidunt lacinia. In eu tortor eget felis tempor tincidunt. Proin at justo venenatis, aliquet magna nec, cursus arcu.<br /><br />Etiam volutpat blandit volutpat. Maecenas porta eros in enim cursus vehicula. Maecenas vel tincidunt nulla. Aenean vulputate mauris quis quam pellentesque, vitae consequat ex maximus. Morbi bibendum elit in mauris venenatis varius. Ut elementum, velit id posuere fringilla, est ipsum posuere eros, ut sagittis urna sapien in leo. Vivamus iaculis blandit libero at vestibulum. Donec quis gravida metus. Duis eu nisl neque. Nam pretium tortor vitae metus ultricies, eget aliquam leo porta. Proin lobortis neque at erat pharetra placerat.<br /><br />Aliquam erat volutpat. Aliquam sed arcu enim. Pellentesque volutpat ante urna, eu maximus leo ornare ut. Aenean gravida leo ut nunc interdum, maximus gravida dolor faucibus. Donec in lorem nisi. Maecenas ut dolor a elit scelerisque ultrices. Praesent suscipit maximus tortor, vel posuere neque rhoncus ut. Vestibulum elementum neque a nulla lobortis blandit. Maecenas nisi urna, pharetra ut rutrum at, ultricies in felis. Quisque at augue velit. Cras fringilla ornare turpis et sollicitudin. Curabitur bibendum dictum lobortis.<br /><br />Suspendisse rhoncus, sapien eu posuere auctor, diam nulla venenatis augue, at commodo erat velit nec est. Suspendisse tortor orci, hendrerit nec laoreet ut, porttitor in sem. Mauris nulla nibh, mattis sed erat id, molestie sodales justo. Duis tortor odio, tempor a augue non, tincidunt viverra lectus. Pellentesque sed nibh ac augue dapibus mollis. Maecenas id odio commodo, facilisis sem gravida, efficitur arcu. In luctus ultrices ipsum vel blandit. Etiam pellentesque purus libero, id volutpat lorem elementum nec.</p>', '2020-01-01'),
(11, 'post', 'posted', 'Lorem Ipsum', '<p>Lorem ipsum dolor sit amet, consectetur adipiscing elit. Vivamus pulvinar felis eget porttitor cursus. Donec a molestie ante. Aenean vulputate sem a metus hendrerit lobortis. Integer tempor felis mi, ac iaculis ligula interdum in. Praesent at quam sed velit facilisis consequat. Suspendisse potenti. Suspendisse at semper dui. Mauris cursus libero lacinia nulla cursus, in viverra velit dictum.<br /><br />Integer blandit massa lacus, eu volutpat tortor viverra in. Vivamus commodo eu justo vitae pulvinar. Pellentesque id finibus mauris, sed volutpat mi. Maecenas nec orci ac lectus ultrices aliquet. Cras sodales varius erat, nec mollis sem feugiat eget. Etiam varius turpis non nisl fermentum, in efficitur orci ullamcorper. Praesent ornare nisi quis sem condimentum, sed congue augue consectetur. Proin eleifend aliquam venenatis. Vestibulum pulvinar varius massa eu pretium. Proin rutrum nunc pharetra tincidunt lacinia. In eu tortor eget felis tempor tincidunt. Proin at justo venenatis, aliquet magna nec, cursus arcu.<br /><br />Etiam volutpat blandit volutpat. Maecenas porta eros in enim cursus vehicula. Maecenas vel tincidunt nulla. Aenean vulputate mauris quis quam pellentesque, vitae consequat ex maximus. Morbi bibendum elit in mauris venenatis varius. Ut elementum, velit id posuere fringilla, est ipsum posuere eros, ut sagittis urna sapien in leo. Vivamus iaculis blandit libero at vestibulum. Donec quis gravida metus. Duis eu nisl neque. Nam pretium tortor vitae metus ultricies, eget aliquam leo porta. Proin lobortis neque at erat pharetra placerat.<br /><br />Aliquam erat volutpat. Aliquam sed arcu enim. Pellentesque volutpat ante urna, eu maximus leo ornare ut. Aenean gravida leo ut nunc interdum, maximus gravida dolor faucibus. Donec in lorem nisi. Maecenas ut dolor a elit scelerisque ultrices. Praesent suscipit maximus tortor, vel posuere neque rhoncus ut. Vestibulum elementum neque a nulla lobortis blandit. Maecenas nisi urna, pharetra ut rutrum at, ultricies in felis. Quisque at augue velit. Cras fringilla ornare turpis et sollicitudin. Curabitur bibendum dictum lobortis.<br /><br />Suspendisse rhoncus, sapien eu posuere auctor, diam nulla venenatis augue, at commodo erat velit nec est. Suspendisse tortor orci, hendrerit nec laoreet ut, porttitor in sem. Mauris nulla nibh, mattis sed erat id, molestie sodales justo. Duis tortor odio, tempor a augue non, tincidunt viverra lectus. Pellentesque sed nibh ac augue dapibus mollis. Maecenas id odio commodo, facilisis sem gravida, efficitur arcu. In luctus ultrices ipsum vel blandit. Etiam pellentesque purus libero, id volutpat lorem elementum nec.</p>', '2020-01-01'),
(12, 'post', 'posted', 'Lorem Ipsum', '<p>Lorem ipsum dolor sit amet, consectetur adipiscing elit. Vivamus pulvinar felis eget porttitor cursus. Donec a molestie ante. Aenean vulputate sem a metus hendrerit lobortis. Integer tempor felis mi, ac iaculis ligula interdum in. Praesent at quam sed velit facilisis consequat. Suspendisse potenti. Suspendisse at semper dui. Mauris cursus libero lacinia nulla cursus, in viverra velit dictum.<br /><br />Integer blandit massa lacus, eu volutpat tortor viverra in. Vivamus commodo eu justo vitae pulvinar. Pellentesque id finibus mauris, sed volutpat mi. Maecenas nec orci ac lectus ultrices aliquet. Cras sodales varius erat, nec mollis sem feugiat eget. Etiam varius turpis non nisl fermentum, in efficitur orci ullamcorper. Praesent ornare nisi quis sem condimentum, sed congue augue consectetur. Proin eleifend aliquam venenatis. Vestibulum pulvinar varius massa eu pretium. Proin rutrum nunc pharetra tincidunt lacinia. In eu tortor eget felis tempor tincidunt. Proin at justo venenatis, aliquet magna nec, cursus arcu.<br /><br />Etiam volutpat blandit volutpat. Maecenas porta eros in enim cursus vehicula. Maecenas vel tincidunt nulla. Aenean vulputate mauris quis quam pellentesque, vitae consequat ex maximus. Morbi bibendum elit in mauris venenatis varius. Ut elementum, velit id posuere fringilla, est ipsum posuere eros, ut sagittis urna sapien in leo. Vivamus iaculis blandit libero at vestibulum. Donec quis gravida metus. Duis eu nisl neque. Nam pretium tortor vitae metus ultricies, eget aliquam leo porta. Proin lobortis neque at erat pharetra placerat.<br /><br />Aliquam erat volutpat. Aliquam sed arcu enim. Pellentesque volutpat ante urna, eu maximus leo ornare ut. Aenean gravida leo ut nunc interdum, maximus gravida dolor faucibus. Donec in lorem nisi. Maecenas ut dolor a elit scelerisque ultrices. Praesent suscipit maximus tortor, vel posuere neque rhoncus ut. Vestibulum elementum neque a nulla lobortis blandit. Maecenas nisi urna, pharetra ut rutrum at, ultricies in felis. Quisque at augue velit. Cras fringilla ornare turpis et sollicitudin. Curabitur bibendum dictum lobortis.<br /><br />Suspendisse rhoncus, sapien eu posuere auctor, diam nulla venenatis augue, at commodo erat velit nec est. Suspendisse tortor orci, hendrerit nec laoreet ut, porttitor in sem. Mauris nulla nibh, mattis sed erat id, molestie sodales justo. Duis tortor odio, tempor a augue non, tincidunt viverra lectus. Pellentesque sed nibh ac augue dapibus mollis. Maecenas id odio commodo, facilisis sem gravida, efficitur arcu. In luctus ultrices ipsum vel blandit. Etiam pellentesque purus libero, id volutpat lorem elementum nec.</p>', '2020-01-01');
COMMIT;

/*!40101 SET CHARACTER_SET_CLIENT=@OLD_CHARACTER_SET_CLIENT */;
/*!40101 SET CHARACTER_SET_RESULTS=@OLD_CHARACTER_SET_RESULTS */;
/*!40101 SET COLLATION_CONNECTION=@OLD_COLLATION_CONNECTION */;
